MASTER_CAMPAIGN_ID,PERIOD,PERIOD_DATE
"i2c1510145a",1,2015-10-07
"i2c1510145a",2,2015-12-29
"i2c1510145a",3,2015-12-30
"i2c1510145a",4,2016-01-19
"i2c1510145a",5,2016-01-20
"i2c1510145a",6,2016-03-01
"i2cNEW-TOOL",1,2015-08-04
"i2cNEW-TOOL",2,2015-10-26
"i2cNEW-TOOL",3,2015-10-27
"i2cNEW-TOOL",4,2015-12-01
"i2cNEW-TOOL",5,2015-12-02
"i2cNEW-TOOL",6,2016-01-12
"i2c1509002a",1,2015-06-03
"i2c1509002a",2,2015-08-25
"i2c1509002a",3,2015-08-26
"i2c1509002a",4,2015-08-30
"i2c1509002a",5,2015-08-31
"i2c1509002a",6,2015-10-11
"i2c1509029a",1,2015-08-06
"i2c1509029a",2,2015-10-28
"i2c1509029a",3,2015-10-29
"i2c1509029a",4,2015-10-30
"i2c1509029a",5,2015-10-31
"i2c1509029a",6,2015-12-11
"i2cFAIFEV4",1,2015-08-10
"i2cFAIFEV4",2,2015-11-01
"i2cFAIFEV4",3,2015-11-02
"i2cFAIFEV4",4,2015-11-15
"i2cFAIFEV4",5,2015-11-16
"i2cFAIFEV4",6,2015-12-27
"i2c1508257aS",1,2015-08-04
"i2c1508257aS",2,2015-10-26
"i2c1508257aS",3,2015-10-27
"i2c1508257aS",4,2015-12-01
"i2c1508257aS",5,2015-12-02
"i2c1508257aS",6,2016-01-12
"i2cVENUSV4",1,2015-09-21
"i2cVENUSV4",2,2015-12-13
"i2cVENUSV4",3,2015-12-14
"i2cVENUSV4",4,2016-01-03
"i2cVENUSV4",5,2016-01-04
"i2cVENUSV4",6,2016-02-14
"i2cLYNX666",1,2015-11-15
"i2cLYNX666",2,2016-02-06
"i2cLYNX666",3,2016-02-07
"i2cLYNX666",4,2016-03-19
"i2c1509107a6",1,2015-08-10
"i2c1509107a6",2,2015-11-01
"i2c1509107a6",3,2015-11-02
"i2c1509107a6",4,2015-11-15
"i2c1504050aM",1,2015-01-13
"i2c1510003aG",1,2015-09-21
"i2c1504050aM",2,2015-04-06
"i2c1510003aG",2,2015-12-13
"i2c1504050aM",3,2015-04-07
"i2c1510003aG",3,2015-12-14
"i2c1504050aM",4,2015-05-05
"i2c1510003aG",4,2016-01-03
"i2c1504050aM",5,2015-05-06
"i2c1504050aM",6,2015-07-28
"i2c1509069a",1,2015-07-23
"i2c1509069a",2,2015-10-14
"i2c1509069a",3,2015-10-15
"i2c1509069a",4,2015-10-16
"i2c1509069a",5,2015-10-17
"i2c1509069a",6,2015-11-27
"i2cBRAUNV2",1,2015-08-24
"i2cBRAUNV2",2,2015-11-15
"i2cBRAUNV2",3,2015-11-16
"i2cBRAUNV2",4,2015-11-29
"i2cLENORV4",1,2015-08-10
"i2cLENORV4",2,2015-11-01
"i2cLENORV4",3,2015-11-02
"i2cLENORV4",4,2015-11-15
"i2cLENORV4",5,2015-11-16
"i2cLENORV4",6,2015-12-27
"i2c1509042a",1,2015-08-10
"i2c1509042a",2,2015-11-01
"i2c1509042a",3,2015-11-02
"i2c1509042a",4,2015-11-15
"i2c1509042a",5,2015-11-16
"i2c1509042a",6,2015-12-27
"i2c1535KE0",1,2015-06-01
"i2c1535KE0",2,2015-08-23
"i2c1535KE0",3,2015-08-24
"i2c1535KE0",4,2015-09-29
"i2c1535KE0",5,2015-09-30
"i2c1535KE0",6,2015-11-10
"i2c1507161a",1,2015-06-01
"i2c1507161a",2,2015-08-23
"i2c1507161a",3,2015-08-24
"i2c1507161a",4,2015-10-04
"i2c1507161a",5,2015-10-05
"i2c1507161a",6,2015-11-15
"i2c1512022P",1,2015-10-26
"i2c1512022P",2,2016-01-17
"i2c1512022P",3,2016-01-18
"i2c1512022P",4,2016-02-02
"i2c1507176a",1,2015-07-02
"i2c1507176a",2,2015-09-23
"i2c1507176a",3,2015-09-24
"i2c1507176a",4,2015-09-25
"i2c1507176a",5,2015-09-26
"i2c1507176a",6,2015-11-06
"i2c1506058aM",1,2015-04-07
"i2c1506058aM",2,2015-06-29
"i2c1506058aM",3,2015-06-30
"i2c1506058aM",4,2015-07-28
"i2c1506058aM",5,2015-07-29
"i2c1506058aM",6,2015-10-20
"i2c1510054a2",1,2015-09-05
"i2c1510054a2",2,2015-11-27
"i2c1510054a2",3,2015-11-28
"i2c1510054a2",4,2015-11-30
"i2c1510054a2",5,2015-12-01
"i2c1510054a2",6,2016-01-11
"i2cFABREV2",1,2015-08-10
"i2cFABREV2",2,2015-11-01
"i2cFABREV2",3,2015-11-02
"i2cFABREV2",4,2015-11-15
"i2c1504028aM",1,2015-01-13
"i2c1504028aM",2,2015-04-06
"i2c1504028aM",3,2015-04-07
"i2c1504028aM",4,2015-05-05
"i2c1504028aM",5,2015-05-06
"i2c1504028aM",6,2015-07-28
"i2c1512046a",1,2015-09-16
"i2c1512046a",2,2015-12-08
"i2c1512046a",3,2015-12-09
"i2c1512046a",4,2015-12-29
"i2c1512046a",5,2015-12-30
"i2c1512046a",6,2016-02-09
"i2c1509010a",1,2015-07-25
"i2c1509010a",2,2015-10-16
"i2c1509010a",3,2015-10-17
"i2c1509010a",4,2015-10-18
"i2c1509010a",5,2015-10-19
"i2c1509010a",6,2015-11-29
"i2cORALBV4",1,2015-08-24
"i2cORALBV4",2,2015-11-15
"i2cORALBV4",3,2015-11-16
"i2cORALBV4",4,2015-12-08
"i2cORALBV4",5,2015-12-09
"i2cORALBV4",6,2016-01-19
"i2c1509142a",1,2015-09-16
"i2c1509142a",2,2015-12-08
"i2c1509142a",3,2015-12-09
"i2c1509142a",4,2015-12-18
"i2c1509142a",5,2015-12-19
"i2c1509142a",6,2016-01-29
"i2c1509022a",1,2015-08-22
"i2c1509022a",2,2015-11-13
"i2c1509022a",3,2015-11-14
"i2c1509022a",4,2015-11-16
"i2c1509022a",5,2015-11-17
"i2c1509022a",6,2015-12-28
"i2c1509061a",1,2015-08-04
"i2c1509061a",2,2015-10-26
"i2c1509061a",3,2015-10-27
"i2c1509061a",4,2015-12-01
"i2c1509061a",5,2015-12-02
"i2c1509061a",6,2016-01-12
"i2cFAIDHDWV2",1,2015-07-13
"i2cFAIDHDWV2",2,2015-10-04
"i2cFAIDHDWV2",3,2015-10-05
"i2cFAIDHDWV2",4,2015-10-18
"i2c1510062a",1,2015-09-04
"i2c1510062a",2,2015-11-26
"i2c1510062a",3,2015-11-27
"i2c1510062a",4,2015-12-18
"i2c1510062a",5,2015-12-19
"i2c1510062a",6,2016-01-29
"i2c1510008a",1,2015-07-26
"i2c1510008a",2,2015-10-17
"i2c1510008a",3,2015-10-18
"i2c1510008a",4,2015-10-31
"i2c1510008a",5,2015-11-01
"i2c1510008a",6,2015-12-12
"i2c1508107a",1,2015-07-07
"i2c1508107a",2,2015-09-28
"i2c1508107a",3,2015-09-29
"i2c1508107a",4,2015-10-27
"i2c1508107a",5,2015-10-28
"i2c1508107a",6,2015-12-08
"i2c1507156a",1,2015-06-24
"i2c1507156a",2,2015-09-15
"i2c1507156a",3,2015-09-16
"i2c1507156a",4,2015-10-27
"i2c1507156a",5,2015-10-28
"i2c1507156a",6,2015-12-08
"i2c15FAIFE",1,2015-10-26
"i2c15FAIFE",2,2016-01-17
"i2c15FAIFE",3,2016-01-18
"i2c15FAIFE",4,2016-02-02
"i2c1509016a",1,2015-08-04
"i2c1509016a",2,2015-10-26
"i2c1509016a",3,2015-10-27
"i2c1509016a",4,2015-12-08
"i2c1509016a",5,2015-12-09
"i2c1509016a",6,2016-01-19
"i2c1508250a",1,2015-07-13
"i2c1508250a",2,2015-10-04
"i2c1508250a",3,2015-10-05
"i2c1508250a",4,2015-10-18
"i2c1508250a",5,2015-10-19
"i2c1508250a",6,2015-11-29
"ALAN_TEST",1,2015-08-04
"ALAN_TEST",2,2015-10-26
"ALAN_TEST",3,2015-10-27
"ALAN_TEST",4,2015-12-01
"ALAN_TEST",5,2015-12-02
"ALAN_TEST",6,2016-01-12
"i2c1508124a",1,2015-07-23
"i2c1508124a",2,2015-10-14
"i2c1508124a",3,2015-10-15
"i2c1508124a",4,2015-10-15
"i2c1508124a",5,2015-10-16
"i2c1508124a",6,2015-11-26
"i2c1508252a",1,2015-07-16
"i2c1508252a",2,2015-10-07
"i2c1508252a",3,2015-10-08
"i2c1508252a",4,2015-10-13
"i2c1508252a",5,2015-10-14
"i2c1508252a",6,2015-11-24
"i2c1508118a",1,2015-08-24
"i2c1508118a",2,2015-11-15
"i2c1508118a",3,2015-11-16
"i2c1508118a",4,2015-11-29
"i2c1508118a",5,2015-11-30
"i2c1508118a",6,2016-01-10
"i2c1504021aM",1,2015-01-13
"i2c1504021aM",2,2015-04-06
"i2c1504021aM",3,2015-04-07
"i2c1504021aM",4,2015-05-05
"i2c1504021aM",5,2015-05-06
"i2c1504021aM",6,2015-07-28
"i2c1508206a",1,2015-08-05
"i2c1508206a",2,2015-10-27
"i2c1508206a",3,2015-10-28
"i2c1508206a",4,2015-11-03
"i2c1508206a",5,2015-11-04
"i2c1508206a",6,2015-12-15
"i2cGILLEV4",1,2015-09-21
"i2cGILLEV4",2,2015-12-13
"i2cGILLEV4",3,2015-12-14
"i2cGILLEV4",4,2016-01-03
"i2cGILLEV4",5,2016-01-04
"i2cGILLEV4",6,2016-02-14
"i2cFAIDHDWV3",1,2015-07-13
"i2cFAIDHDWV3",2,2015-10-04
"i2cFAIDHDWV3",3,2015-10-05
"i2cFAIDHDWV3",4,2015-10-18
"i2cFAIDHDWV3",5,2015-10-19
"i2cFAIDHDWV3",6,2015-11-29
"i2c1507151a",1,2015-06-29
"i2c1507151a",2,2015-09-20
"i2c1507151a",3,2015-09-21
"i2c1507151a",4,2015-10-04
"i2c1507151a",5,2015-10-05
"i2c1507151a",6,2015-11-15
"i2c1511135a",1,2015-10-12
"i2c1511135a",2,2016-01-03
"i2c1511135a",3,2016-01-04
"i2c1511135a",4,2016-01-17
"i2c1511135a",5,2016-01-18
"i2c1511135a",6,2016-02-28
"i2c1510003aV",1,2015-09-21
"i2c1510003aV",2,2015-12-13
"i2c1510003aV",3,2015-12-14
"i2c1510003aV",4,2016-01-03
"i2c1510020a",1,2015-08-04
"i2c1510020a",2,2015-10-26
"i2c1510020a",3,2015-10-27
"i2c1510020a",4,2016-02-02
"i2c1510020a",5,2016-02-03
"i2c1510020a",6,2016-03-15
"i2c1509048a",1,2015-08-21
"i2c1509048a",2,2015-11-12
"i2c1509048a",3,2015-11-13
"i2c1509048a",4,2015-11-13
"i2c1509048a",5,2015-11-14
"i2c1509048a",6,2015-12-25
"i2c1509111a2",1,2015-08-05
"i2c1509111a2",2,2015-10-27
"i2c1509111a2",3,2015-10-28
"i2c1509111a2",4,2016-01-03
"i2c1509111a2",5,2016-01-04
"i2c1509111a2",6,2016-02-14
"i2c1507076a",1,2015-05-05
"i2c1507076a",2,2015-07-27
"i2c1507076a",3,2015-07-28
"i2c1507076a",4,2015-09-12
"i2c1507076a",5,2015-09-13
"i2c1507076a",6,2015-10-24
"i2cARIALV2",1,2015-08-10
"i2cARIALV2",2,2015-11-01
"i2cARIALV2",3,2015-11-02
"i2cARIALV2",4,2015-11-15
"i2c1504064aM",1,2015-01-13
"i2c1504064aM",2,2015-04-06
"i2c1504064aM",3,2015-04-07
"i2c1504064aM",4,2015-05-05
"i2c1504064aM",5,2015-05-06
"i2c1504064aM",6,2015-07-28
"i2c1516KC0M1",1,2015-04-07
"i2c1516KC0M1",2,2015-06-29
"i2c1516KC0M1",3,2015-06-30
"i2c1516KC0M1",4,2015-07-28
"i2c1516KC0M1",5,2015-07-29
"i2c1516KC0M1",6,2015-10-20
"i2c1512047a",1,2015-09-16
"i2c1512047a",2,2015-12-08
"i2c1512047a",3,2015-12-09
"i2c1512047a",4,2015-12-29
"i2c1512047a",5,2015-12-30
"i2c1512047a",6,2016-02-09
"i2c1510074a",1,2015-09-26
"i2c1510074a",2,2015-12-18
"i2c1510074a",3,2015-12-19
"i2c1510074a",4,2015-12-19
"i2c1510074a",5,2015-12-20
"i2c1510074a",6,2016-01-30
"i2c1505074aM",1,2015-02-09
"i2c1505074aM",2,2015-05-03
"i2c1505074aM",3,2015-05-04
"i2c1505074aM",4,2015-06-02
"i2c1505074aM",5,2015-06-03
"i2c1505074aM",6,2015-08-25
"i2c1508127a",1,2015-06-01
"i2c1508127a",2,2015-08-23
"i2c1508127a",3,2015-08-24
"i2c1508127a",4,2015-10-27
"i2c1508127a",5,2015-10-28
"i2c1508127a",6,2015-12-08
"i2c1510047a",1,2015-08-04
"i2c1510047a",2,2015-10-26
"i2c1510047a",3,2015-10-27
"i2c1510047a",4,2015-12-24
"i2c1510047a",5,2015-12-25
"i2c1510047a",6,2016-01-21
"i2c1508040a",1,2015-05-18
"i2c1508040a",2,2015-08-09
"i2c1508040a",3,2015-08-10
"i2c1508040a",4,2015-08-23
"i2c1508040a",5,2015-08-24
"i2c1508040a",6,2015-10-04
"i2cLYNX333",1,2015-11-15
"i2cLYNX333",2,2016-02-06
"i2cLYNX333",3,2016-02-07
"i2cLYNX333",4,2016-02-27
"i2cLENUNV4",1,2015-08-10
"i2cLENUNV4",2,2015-11-01
"i2cLENUNV4",3,2015-11-02
"i2cLENUNV4",4,2015-11-15
"i2cLENUNV4",5,2015-11-16
"i2cLENUNV4",6,2015-12-27
"i2cFLASHV4",1,2015-08-10
"i2c1510054a",1,2015-09-05
"i2cFLASHV4",2,2015-11-01
"i2c1510054a",2,2015-11-27
"i2cFLASHV4",3,2015-11-02
"i2c1510054a",3,2015-11-28
"i2cFLASHV4",4,2015-11-15
"i2c1510054a",4,2015-11-30
"i2cFLASHV4",5,2015-11-16
"i2c1510054a",5,2015-12-01
"i2cFLASHV4",6,2015-12-27
"i2c1510054a",6,2016-01-11
"i2c1508257a",1,2015-08-04
"i2c1508257a",2,2015-10-26
"i2c1508257a",3,2015-10-27
"i2c1508257a",4,2015-12-01
"i2c1508257a",5,2015-12-02
"i2c1508257a",6,2016-01-12
"i2cOLAYV2",1,2015-08-24
"i2c1508204a",1,2015-06-15
"i2cOLAYV2",2,2015-11-15
"i2c1508204a",2,2015-09-06
"i2cOLAYV2",3,2015-11-16
"i2c1508204a",3,2015-09-07
"i2cOLAYV2",4,2015-12-08
"i2c1508204a",4,2015-09-20
"i2c1508204a",5,2015-09-21
"i2c1508204a",6,2015-11-01
"i2c1509107aL",1,2015-08-10
"i2c1509107aL",2,2015-11-01
"i2c1509107aL",3,2015-11-02
"i2c1509107aL",4,2015-11-15
"i2c1512024a",1,2015-10-07
"i2c1512024a",2,2015-12-29
"i2c1512024a",3,2015-12-30
"i2c1512024a",4,2016-01-19
"i2c1512024a",5,2016-01-20
"i2c1512024a",6,2016-03-01
"i2c1509107a4",1,2015-07-13
"i2c1509107a4",2,2015-10-04
"i2c1509107a4",3,2015-10-05
"i2c1509107a4",4,2015-10-18
"i2c1510052a",1,2015-08-31
"i2cFLASHV2",1,2015-08-10
"i2c1510052a",2,2015-11-22
"i2cFLASHV2",2,2015-11-01
"i2c1510052a",3,2015-11-23
"i2cFLASHV2",3,2015-11-02
"i2c1510052a",4,2015-12-01
"i2cFLASHV2",4,2015-11-15
"i2c1510052a",5,2015-12-02
"i2c1510052a",6,2016-01-12
"i2c1505029aM",1,2015-02-09
"i2c1505029aM",2,2015-05-03
"i2c1505029aM",3,2015-05-04
"i2c1505029aM",4,2015-06-02
"i2c1505029aM",5,2015-06-03
"i2c1505029aM",6,2015-08-25
"i2c1511069a",1,2015-10-09
"i2c1511069a",2,2015-12-31
"i2c1511069a",3,2016-01-01
"i2c1511069a",4,2016-02-01
"i2c1511069a",5,2016-02-02
"i2c1511069a",6,2016-03-14
"i2c1509106a2",1,2015-08-24
"i2c1509106a2",2,2015-11-15
"i2c1509106a2",3,2015-11-16
"i2c1509106a2",4,2015-12-08
"i2c1509106a2",5,2015-12-09
"i2c1509106a2",6,2016-01-19
"i2c1508186a",1,2015-08-05
"i2c1508186a",2,2015-10-27
"i2c1508186a",3,2015-10-28
"i2c1508186a",4,2015-11-17
"i2c1508186a",5,2015-11-18
"i2c1508186a",6,2015-12-29
"i2c1510136a",1,2015-09-08
"i2c1510136a",2,2015-11-30
"i2c1510136a",3,2015-12-01
"i2c1510136a",4,2015-12-24
"i2c1510136a",5,2015-12-25
"i2c1510136a",6,2016-02-04
"i2c1537AH0a",1,2015-07-04
"i2c1537AH0a",2,2015-09-25
"i2c1537AH0a",3,2015-09-26
"i2c1537AH0a",4,2015-09-26
"i2c1537AH0a",5,2015-09-27
"i2c1537AH0a",6,2015-11-07
"i2c1509125a2",1,2015-08-04
"i2c1509125a2",2,2015-10-26
"i2c1509125a2",3,2015-10-27
"i2c1509125a2",4,2015-12-16
"i2c1509125a2",5,2015-12-17
"i2c1509125a2",6,2016-01-27
"i2c1510007a",1,2015-08-06
"i2c1510007a",2,2015-10-28
"i2c1510007a",3,2015-10-29
"i2c1510007a",4,2015-11-15
"i2c1510007a",5,2015-11-16
"i2c1510007a",6,2015-12-27
"i2c1601020a",1,2015-11-14
"i2c1601020a",2,2016-02-05
"i2c1601020a",3,2016-02-06
"i2c1601020a",4,2016-02-07
"i2c1601020a",5,2016-02-08
"i2c1601020a",6,2016-03-20
"i2c1509125a",1,2015-08-04
"i2c1509125a",2,2015-10-26
"i2c1509125a",3,2015-10-27
"i2c1509125a",4,2015-12-16
"i2c1509125a",5,2015-12-17
"i2c1509125a",6,2016-01-27
"i2c1509070a",1,2015-08-16
"i2c1509070a",2,2015-11-07
"i2c1509070a",3,2015-11-08
"i2c1509070a",4,2015-12-24
"i2c1509070a",5,2015-12-25
"i2c1509070a",6,2016-02-04
"i2c1506014aM",1,2015-04-07
"i2c1506014aM",2,2015-06-29
"i2c1506014aM",3,2015-06-30
"i2c1506014aM",4,2015-07-28
"i2c1506014aM",5,2015-07-29
"i2c1506014aM",6,2015-10-20
"i2c1510003a3",1,2015-08-24
"i2c1510003a3",2,2015-11-15
"i2c1510003a3",3,2015-11-16
"i2c1510003a3",4,2015-11-29
"i2c1511003a",1,2015-09-08
"i2c1511003a",2,2015-11-30
"i2c1511003a",3,2015-12-01
"i2c1511003a",4,2015-12-29
"i2c1511003a",5,2015-12-30
"i2c1511003a",6,2016-02-09
"i2c1507209a",1,2015-08-15
"i2c1507209a",2,2015-11-06
"i2c1507209a",3,2015-11-07
"i2c1507209a",4,2015-11-10
"i2c1507209a",5,2015-11-11
"i2c1507209a",6,2015-12-22
"i2c1510020a2",1,2015-08-04
"i2c1510020a2",2,2015-10-26
"i2c1510020a2",3,2015-10-27
"i2c1510020a2",4,2016-02-02
"i2c1510020a2",5,2016-02-03
"i2c1510020a2",6,2016-03-15
"i2cORALBV2",1,2015-08-24
"i2cORALBV2",2,2015-11-15
"i2cORALBV2",3,2015-11-16
"i2cORALBV2",4,2015-12-08
"i2cFAINBV2",1,2015-08-10
"i2cFAINBV2",2,2015-11-01
"i2cFAINBV2",3,2015-11-02
"i2cFAINBV2",4,2015-11-15
"i2c1507141a",1,2015-06-24
"i2c1507141a",2,2015-09-15
"i2c1507141a",3,2015-09-16
"i2c1507141a",4,2015-10-06
"i2c1507141a",5,2015-10-07
"i2c1507141a",6,2015-11-17
"i2cOLAYV4",1,2015-08-24
"i2cOLAYV4",2,2015-11-15
"i2cOLAYV4",3,2015-11-16
"i2cOLAYV4",4,2015-12-08
"i2cOLAYV4",5,2015-12-09
"i2cOLAYV4",6,2016-01-19
"i2c1511103a",1,2015-09-21
"i2c1511103a",2,2015-12-13
"i2c1511103a",3,2015-12-14
"i2c1511103a",4,2015-12-27
"i2c1511103a",5,2015-12-28
"i2c1511103a",6,2016-02-07
"i2c1507074aM",1,2015-04-07
"i2c1507074aM",2,2015-06-29
"i2c1507074aM",3,2015-06-30
"i2c1507074aM",4,2015-07-28
"i2c1507074aM",5,2015-07-29
"i2c1507074aM",6,2015-10-20
"i2c1507095a",1,2015-04-29
"i2c1507095a",2,2015-07-21
"i2c1507095a",3,2015-07-22
"i2c1507095a",4,2015-10-27
"i2c1507095a",5,2015-10-28
"i2c1507095a",6,2015-12-08
"i2cLENORV2",1,2015-08-10
"i2cLENORV2",2,2015-11-01
"i2cLENORV2",3,2015-11-02
"i2cLENORV2",4,2015-11-15
"i2c1507030a",1,2015-06-01
"i2c1507030a",2,2015-08-23
"i2c1507030a",3,2015-08-24
"i2c1507030a",4,2015-09-29
"i2c1507030a",5,2015-09-30
"i2c1507030a",6,2015-11-10
"i2c1506032M1",1,2015-03-10
"i2c1506032M1",2,2015-06-01
"i2c1506032M1",3,2015-06-02
"i2c1506032M1",4,2015-06-30
"i2c1506032M1",5,2015-07-01
"i2c1506032M1",6,2015-09-22
"i2c1508169a2",1,2015-08-07
"i2c1508169a2",2,2015-10-29
"i2c1508169a2",3,2015-10-30
"i2c1508169a2",4,2015-10-30
"i2c1508169a2",5,2015-10-31
"i2c1508169a2",6,2015-12-11
"i2c1504091aM",1,2015-01-13
"i2c1504091aM",2,2015-04-06
"i2c1504091aM",3,2015-04-07
"i2c1504091aM",4,2015-05-05
"i2c1504091aM",5,2015-05-06
"i2c1504091aM",6,2015-07-28
"i2cLYNX777",1,2015-11-15
"i2cLYNX777",2,2016-02-06
"i2cLYNX777",3,2016-02-07
"i2cLYNX777",4,2016-03-26
"i2c1508013a",1,2015-05-20
"i2c1508013a",2,2015-08-11
"i2c1508013a",3,2015-08-12
"i2c1508013a",4,2015-09-08
"i2c1508013a",5,2015-09-09
"i2c1508013a",6,2015-10-20
"TEST_JD",1,2015-05-27
"TEST_JD",2,2015-08-18
"TEST_JD",3,2015-08-19
"TEST_JD",4,2015-09-30
"TEST_JD",5,2015-10-01
"TEST_JD",6,2015-11-11
"i2c1510006a",1,2015-09-14
"i2c1510006a",2,2015-12-06
"i2c1510006a",3,2015-12-07
"i2c1510006a",4,2015-12-07
"i2cHSV4",1,2015-09-21
"i2cHSV4",2,2015-12-13
"i2cHSV4",3,2015-12-14
"i2cHSV4",4,2016-01-03
"i2cHSV4",5,2016-01-04
"i2cHSV4",6,2016-02-14
"i2c1507212a",1,2015-09-19
"i2c1507212a",2,2015-12-11
"i2c1507212a",3,2015-12-12
"i2c1507212a",4,2015-12-17
"i2c1507212a",5,2015-12-18
"i2c1507212a",6,2016-01-28
"i2c1509107aA",1,2015-08-10
"i2c1509107aA",2,2015-11-01
"i2c1509107aA",3,2015-11-02
"i2c1509107aA",4,2015-11-15
"i2c1509004a2",1,2015-08-04
"i2c1509004a2",2,2015-10-26
"i2c1509004a2",3,2015-10-27
"i2c1509004a2",4,2015-12-01
"i2c1509004a2",5,2015-12-02
"i2c1509004a2",6,2016-01-12
"i2c1509067a",1,2015-08-30
"i2c1509067a",2,2015-11-21
"i2c1509067a",3,2015-11-22
"i2c1509067a",4,2015-11-25
"i2c1509067a",5,2015-11-26
"i2c1509067a",6,2016-01-06
"i2c1509107a2",1,2015-08-10
"i2c1509107a2",2,2015-11-01
"i2c1509107a2",3,2015-11-02
"i2c1509107a2",4,2015-11-15
"i2c1508034a",1,2015-06-01
"i2c1508034a",2,2015-08-23
"i2c1508034a",3,2015-08-24
"i2c1508034a",4,2015-10-18
"i2c1508034a",5,2015-10-19
"i2c1508034a",6,2015-11-29
"i2c1509107aF",1,2015-08-10
"i2c1509107aF",2,2015-11-01
"i2c1509107aF",3,2015-11-02
"i2c1509107aF",4,2015-11-15
"i2c1509103a",1,2015-07-27
"i2c1509103a",2,2015-10-18
"i2c1509103a",3,2015-10-19
"i2c1509103a",4,2015-11-29
"i2c1509103a",5,2015-11-30
"i2c1509103a",6,2016-01-10
"i2c1510003a2",1,2015-08-24
"i2c1510003a2",2,2015-11-15
"i2c1510003a2",3,2015-11-16
"i2c1510003a2",4,2015-12-08
"i2c1510003a1",1,2015-08-24
"i2c1510003a1",2,2015-11-15
"i2c1510003a1",3,2015-11-16
"i2c1510003a1",4,2015-12-08
"i2c1507203a",1,2015-07-15
"i2c1507203a",2,2015-10-06
"i2c1507203a",3,2015-10-07
"i2c1507203a",4,2015-10-27
"i2c1507203a",5,2015-10-28
"i2c1507203a",6,2015-12-08
"i2c1509004a",1,2015-08-04
"i2c1509004a",2,2015-10-26
"i2c1509004a",3,2015-10-27
"i2c1509004a",4,2015-12-01
"i2c1509004a",5,2015-12-02
"i2c1509004a",6,2016-01-12
"i2c1510061a",1,2015-09-07
"i2c1510061a",2,2015-11-29
"i2c1510061a",3,2015-11-30
"i2c1510061a",4,2015-12-13
"i2c1510061a",5,2015-12-14
"i2c1510061a",6,2016-01-24
"i2c1509131a",1,2015-09-26
"i2c1509131a",2,2015-12-18
"i2c1509131a",3,2015-12-19
"i2c1509131a",4,2015-12-20
"i2c1509131a",5,2015-12-21
"i2c1509131a",6,2016-01-31
"i2c1510013a",1,2015-07-15
"i2c1510013a",2,2015-10-06
"i2c1510013a",3,2015-10-07
"i2c1510013a",4,2015-10-27
"i2c1510013a",5,2015-10-28
"i2c1510013a",6,2015-12-08
"i2cBRAUNV4",1,2015-08-24
"i2cBRAUNV4",2,2015-11-15
"i2cBRAUNV4",3,2015-11-16
"i2cBRAUNV4",4,2015-11-29
"i2cBRAUNV4",5,2015-11-30
"i2cBRAUNV4",6,2016-01-10
"i2c1509144a",1,2015-09-05
"i2c1509144a",2,2015-11-27
"i2c1509144a",3,2015-11-28
"i2c1509144a",4,2015-12-01
"i2c1509144a",5,2015-12-02
"i2c1509144a",6,2016-01-12
"i2c1509014a",1,2015-08-04
"i2c1509014a",2,2015-10-26
"i2c1509014a",3,2015-10-27
"i2c1509014a",4,2015-12-08
"i2c1509014a",5,2015-12-09
"i2c1509014a",6,2016-01-19
"i2c1508203a",1,2015-07-04
"i2c1508203a",2,2015-09-25
"i2c1508203a",3,2015-09-26
"i2c1508203a",4,2015-09-27
"i2c1508203a",5,2015-09-28
"i2c1508203a",6,2015-11-08
"i2c1509107a1",1,2015-08-10
"i2c1508186a2",1,2015-08-05
"i2c1509107a1",2,2015-11-01
"i2c1508186a2",2,2015-10-27
"i2c1509107a1",3,2015-11-02
"i2c1508186a2",3,2015-10-28
"i2c1509107a1",4,2015-11-15
"i2c1508186a2",4,2015-11-17
"i2c1508186a2",5,2015-11-18
"i2c1508186a2",6,2015-12-29
"i2c1509111a",1,2015-08-05
"i2c1509111a",2,2015-10-27
"i2c1509111a",3,2015-10-28
"i2c1509111a",4,2015-11-29
"i2c1509111a",5,2015-11-30
"i2c1509111a",6,2016-01-10
"i2c1509134a",1,2015-08-04
"i2c1509134a",2,2015-10-26
"i2c1509134a",3,2015-10-27
"i2c1509134a",4,2015-12-01
"i2c1509134a",5,2015-12-02
"i2c1509134a",6,2016-01-12
"i2cGILLEV2",1,2015-09-21
"i2cGILLEV2",2,2015-12-13
"i2cGILLEV2",3,2015-12-14
"i2cGILLEV2",4,2016-01-03
"i2cFAIFEV2",1,2015-08-10
"i2cFAIFEV2",2,2015-11-01
"i2cFAIFEV2",3,2015-11-02
"i2cFAIFEV2",4,2015-11-15
"i2c1508254a",1,2015-08-02
"i2c1508254a",2,2015-10-24
"i2c1508254a",3,2015-10-25
"i2c1508254a",4,2015-10-25
"i2c1508254a",5,2015-10-26
"i2c1508254a",6,2015-12-06
"i2c1510051a",1,2015-09-21
"i2c1510051a",2,2015-12-13
"i2c1510051a",3,2015-12-14
"i2c1510051a",4,2015-12-19
"i2c1510051a",5,2015-12-20
"i2c1510051a",6,2016-01-30
"i2c1508265a",1,2015-06-29
"i2c1508265a",2,2015-09-20
"i2c1508265a",3,2015-09-21
"i2c1508265a",4,2015-10-04
"i2c1508265a",5,2015-10-05
"i2c1508265a",6,2015-11-15
"i2c1508281a",1,2015-07-17
"i2c1508281a",2,2015-10-08
"i2c1508281a",3,2015-10-09
"i2c1508281a",4,2015-10-10
"i2c1508281a",5,2015-10-11
"i2c1508281a",6,2015-11-21
"i2c1504065aM",1,2015-01-13
"i2c1504065aM",2,2015-04-06
"i2c1504065aM",3,2015-04-07
"i2c1504065aM",4,2015-05-05
"i2c1504065aM",5,2015-05-06
"i2c1504065aM",6,2015-07-28
"TEST_JD2",1,2015-05-27
"TEST_JD2",2,2015-08-18
"TEST_JD2",3,2015-08-19
"TEST_JD2",4,2015-09-30
"TEST_JD2",5,2015-10-01
"TEST_JD2",6,2015-11-11
"i2c1511015a",1,2015-09-07
"i2c1511015a",2,2015-11-29
"i2c1511015a",3,2015-11-30
"i2c1511015a",4,2015-12-29
"i2c1511015a",5,2015-12-30
"i2c1511015a",6,2016-02-09
"i2c1507192a",1,2015-07-10
"i2c1507192a",2,2015-10-01
"i2c1507192a",3,2015-10-02
"i2c1507192a",4,2015-10-02
"i2c1507192a",5,2015-10-03
"i2c1507192a",6,2015-11-13
"i2cLYNX222",1,2015-11-15
"i2cLYNX222",2,2016-02-06
"i2cLYNX222",3,2016-02-07
"i2cLYNX222",4,2016-02-20
"i2c1516KC0M",1,2015-03-10
"i2c1516KC0M",2,2015-06-01
"i2c1516KC0M",3,2015-06-02
"i2c1516KC0M",4,2015-06-30
"i2c1516KC0M",5,2015-07-01
"i2c1516KC0M",6,2015-09-22
"i2c1510003aH",1,2015-09-21
"i2c1510003aH",2,2015-12-13
"i2c1510003aH",3,2015-12-14
"i2c1510003aH",4,2016-01-03
"i2cLENUNV2",1,2015-08-10
"i2cLENUNV2",2,2015-11-01
"i2cLENUNV2",3,2015-11-02
"i2cLENUNV2",4,2015-11-15
"i2c1508061a",1,2015-05-28
"i2c1508061a",2,2015-08-19
"i2c1508061a",3,2015-08-20
"i2c1508061a",4,2015-09-29
"i2c1508061a",5,2015-09-30
"i2c1508061a",6,2015-11-10
"i2c1506063aM",1,2015-03-10
"i2c1506063aM",2,2015-06-01
"i2c1506063aM",3,2015-06-02
"i2c1506063aM",4,2015-06-30
"i2c1506063aM",5,2015-07-01
"i2c1506063aM",6,2015-09-22
"i2cLYNX111",1,2015-11-15
"i2cLYNX111",2,2016-02-06
"i2cLYNX111",3,2016-02-07
"i2cLYNX111",4,2016-02-13
"i2cLYNX888",1,2015-11-15
"i2cLYNX888",2,2016-02-06
"i2cLYNX888",3,2016-02-07
"i2cLYNX888",4,2016-04-02
"i2c15FAINB",1,2015-10-26
"i2c15FAINB",2,2016-01-17
"i2c15FAINB",3,2016-01-18
"i2c15FAINB",4,2016-02-02
"i2c1507181a",1,2015-06-15
"i2c1507181a",2,2015-09-06
"i2c1507181a",3,2015-09-07
"i2c1507181a",4,2015-09-20
"i2c1507181a",5,2015-09-21
"i2c1507181a",6,2015-11-01
"i2c1509016a2",1,2015-08-04
"i2c1509016a2",2,2015-10-26
"i2c1509016a2",3,2015-10-27
"i2c1509016a2",4,2015-12-01
"i2c1509016a2",5,2015-12-02
"i2c1509016a2",6,2016-01-12
"i2c1507173a",1,2015-06-13
"i2c1507173a",2,2015-09-04
"i2c1507173a",3,2015-09-05
"i2c1507173a",4,2015-09-10
"i2c1507173a",5,2015-09-11
"i2c1507173a",6,2015-10-22
"i2c1507204a",1,2015-08-08
"i2c1507204a",2,2015-10-30
"i2c1507204a",3,2015-10-31
"i2c1507204a",4,2015-11-01
"i2c1507204a",5,2015-11-02
"i2c1507204a",6,2015-12-13
"i2cFABREV4",1,2015-08-10
"i2cFABREV4",2,2015-11-01
"i2cFABREV4",3,2015-11-02
"i2cFABREV4",4,2015-11-15
"i2cFABREV4",5,2015-11-16
"i2cFABREV4",6,2015-12-27
"i2c1508042a",1,2015-05-20
"i2c1508042a",2,2015-08-11
"i2c1508042a",3,2015-08-12
"i2c1508042a",4,2015-09-29
"i2c1508042a",5,2015-09-30
"i2c1508042a",6,2015-11-10
"i2c1505012aM",1,2015-02-09
"i2c1505012aM",2,2015-05-03
"i2c1505012aM",3,2015-05-04
"i2c1505012aM",4,2015-06-02
"i2c1505012aM",5,2015-06-03
"i2c1505012aM",6,2015-08-25
"i2c1509030a",1,2015-08-04
"i2c1509030a",2,2015-10-26
"i2c1509030a",3,2015-10-27
"i2c1509030a",4,2015-12-01
"i2c1509030a",5,2015-12-02
"i2c1509030a",6,2016-01-12
"i2c1509046a",1,2015-08-13
"i2c1509046a",2,2015-11-04
"i2c1509046a",3,2015-11-05
"i2c1509046a",4,2015-11-06
"i2c1509046a",5,2015-11-07
"i2c1509046a",6,2015-12-18
"i2cFAIDADWV2",1,2015-07-13
"i2cFAIDADWV2",2,2015-10-04
"i2cFAIDADWV2",3,2015-10-05
"i2cFAIDADWV2",4,2015-10-18
"i2c1510108a",1,2015-08-26
"i2c1510108a",2,2015-11-17
"i2c1510108a",3,2015-11-18
"i2c1510108a",4,2015-12-10
"i2c1510108a",5,2015-12-11
"i2c1510108a",6,2016-01-21
"i2c1510033a",1,2015-08-26
"i2c1510033a",2,2015-11-17
"i2c1510033a",3,2015-11-18
"i2c1510033a",4,2016-01-04
"i2c1510033a",5,2016-01-05
"i2c1510033a",6,2016-02-15
"i2cFAINBV4",1,2015-08-10
"i2cFAINBV4",2,2015-11-01
"i2cFAINBV4",3,2015-11-02
"i2cFAINBV4",4,2015-11-15
"i2cFAINBV4",5,2015-11-16
"i2cFAINBV4",6,2015-12-27
"i2c1507210a",1,2015-08-21
"i2c1507210a",2,2015-11-12
"i2c1507210a",3,2015-11-13
"i2c1507210a",4,2015-11-14
"i2c1507210a",5,2015-11-15
"i2c1507210a",6,2015-12-26
"i2c1507187a",1,2015-07-13
"i2c1507187a",2,2015-10-04
"i2c1507187a",3,2015-10-05
"i2c1507187a",4,2015-10-27
"i2c1507187a",5,2015-10-28
"i2c1507187a",6,2015-12-08
"i2c1508146a",1,2015-09-18
"i2c1508146a",2,2015-12-10
"i2c1508146a",3,2015-12-11
"i2c1508146a",4,2015-12-15
"i2c1508146a",5,2015-12-16
"i2c1508146a",6,2016-01-26
"i2cVENUSV2",1,2015-09-21
"i2cVENUSV2",2,2015-12-13
"i2cVENUSV2",3,2015-12-14
"i2cVENUSV2",4,2016-01-03
"i2c1509107a7",1,2015-08-10
"i2c1509107a7",2,2015-11-01
"i2c1509107a7",3,2015-11-02
"i2c1509107a7",4,2015-11-15
"i2c1510046a",1,2015-09-17
"i2c1510046a",2,2015-12-09
"i2c1510046a",3,2015-12-10
"i2c1510046a",4,2015-12-15
"i2c1510046a",5,2015-12-16
"i2c1510046a",6,2016-01-26
"i2cFAIDHDWV4",1,2015-07-13
"i2cFAIDHDWV4",2,2015-10-04
"i2cFAIDHDWV4",3,2015-10-05
"i2cFAIDHDWV4",4,2015-10-18
"i2cFAIDHDWV4",5,2015-10-19
"i2cFAIDHDWV4",6,2015-11-29
"i2cLYNX555",1,2015-11-15
"i2cLYNX555",2,2016-02-06
"i2cLYNX555",3,2016-02-07
"i2cLYNX555",4,2016-03-12
"i2c1510116a",1,2015-08-21
"i2c1510116a",2,2015-11-12
"i2c1510116a",3,2015-11-13
"i2c1510116a",4,2015-11-17
"i2c1510116a",5,2015-11-18
"i2c1510116a",6,2015-12-29
"i2cARIALV4",1,2015-08-10
"i2cARIALV4",2,2015-11-01
"i2cARIALV4",3,2015-11-02
"i2cARIALV4",4,2015-11-15
"i2cARIALV4",5,2015-11-16
"i2cARIALV4",6,2015-12-27
"i2c1508179a",1,2015-08-04
"i2c1508179a",2,2015-10-26
"i2c1508179a",3,2015-10-27
"i2c1508179a",4,2015-12-01
"i2c1508179a",5,2015-12-02
"i2c1508179a",6,2016-01-12
"i2c1506032M2",1,2015-03-10
"i2c1506032M2",2,2015-06-01
"i2c1506032M2",3,2015-06-02
"i2c1506032M2",4,2015-06-30
"i2c1506032M2",5,2015-07-01
"i2c1506032M2",6,2015-09-22
"i2c1509106a",1,2015-08-26
"i2c1509106a",2,2015-11-17
"i2c1509106a",3,2015-11-18
"i2c1509106a",4,2015-12-08
"i2c1509106a",5,2015-12-09
"i2c1509106a",6,2016-01-19
"i2c1509018a",1,2015-06-29
"i2c1509018a",2,2015-09-20
"i2c1509018a",3,2015-09-21
"i2c1509018a",4,2015-10-27
"i2c1509018a",5,2015-10-28
"i2c1509018a",6,2015-12-08
"i2c1508098a",1,2015-06-04
"i2c1508098a",2,2015-08-26
"i2c1508098a",3,2015-08-27
"i2c1508098a",4,2015-08-27
"i2c1508098a",5,2015-08-28
"i2c1508098a",6,2015-10-08
"i2c1509107a5",1,2015-08-10
"i2c1509107a5",2,2015-11-01
"i2c1509107a5",3,2015-11-02
"i2c1509107a5",4,2015-11-15
"i2c1508137a",1,2015-07-16
"i2c1508137a",2,2015-10-07
"i2c1508137a",3,2015-10-08
"i2c1508137a",4,2015-10-13
"i2c1508137a",5,2015-10-14
"i2c1508137a",6,2015-11-24
"i2c1511005a",1,2015-09-16
"i2c1511005a",2,2015-12-08
"i2c1511005a",3,2015-12-09
"i2c1511005a",4,2015-12-29
"i2c1511005a",5,2015-12-30
"i2c1511005a",6,2016-02-09
"i2c1508223a",1,2015-09-05
"i2c1508223a",2,2015-11-27
"i2c1508223a",3,2015-11-28
"i2c1508223a",4,2015-12-08
"i2c1508223a",5,2015-12-09
"i2c1508223a",6,2016-01-19
"i2cHSV2",1,2015-09-21
"i2cHSV2",2,2015-12-13
"i2cHSV2",3,2015-12-14
"i2cHSV2",4,2016-01-03
"i2c1511028a",1,2015-10-26
"i2c1511028a",2,2016-01-17
"i2c1511028a",3,2016-01-18
"i2c1511028a",4,2016-01-31
"i2c1511028a",5,2016-02-01
"i2c1511028a",6,2016-03-13
"i2c1509101a",1,2015-07-19
"i2c1509101a",2,2015-10-10
"i2c1509101a",3,2015-10-11
"i2c1509101a",4,2015-10-11
"i2c1509101a",5,2015-10-12
"i2c1509101a",6,2015-11-22
"i2c1509124a",1,2015-08-24
"i2c1509124a",2,2015-11-15
"i2c1509124a",3,2015-11-16
"i2c1509124a",4,2015-11-29
"i2c1509124a",5,2015-11-30
"i2c1509124a",6,2016-01-10
"i2c1509107a3",1,2015-07-13
"i2c1509107a3",2,2015-10-04
"i2c1509107a3",3,2015-10-05
"i2c1509107a3",4,2015-10-18
"i2cLYNX444",1,2015-11-15
"i2cLYNX444",2,2016-02-06
"i2cLYNX444",3,2016-02-07
"i2cLYNX444",4,2016-03-05
"i2cFAIDADWV4",1,2015-07-13
"i2cFAIDADWV4",2,2015-10-04
"i2cFAIDADWV4",3,2015-10-05
"i2cFAIDADWV4",4,2015-10-18
"i2cFAIDADWV4",5,2015-10-19
"i2cFAIDADWV4",6,2015-11-29
"i2c1510041a",1,2015-09-08
"i2c1510041a",2,2015-11-30
"i2c1510041a",3,2015-12-01
"i2c1510041a",4,2015-12-24
"i2c1510041a",5,2015-12-25
"i2c1510041a",6,2016-02-04
"i2c1509116a",1,2015-09-04
"i2c1509116a",2,2015-11-26
"i2c1509116a",3,2015-11-27
"i2c1509116a",4,2015-12-05
"i2c1509116a",5,2015-12-06
"i2c1509116a",6,2016-01-16
